;id;opath;cpath;mgeom;lon;lat;flow
0;4134021;2223;2223;LINESTRING(11.5690329465 48.1218430477,11.5690329465 48.1218430477);11.5690329465;48.1218430477;2
1;4134022;2223;2223;LINESTRING(11.5690148865 48.1218522294,11.5690148865 48.1218522294);11.5690148865;48.1218522294;10
2;4134023;2223;2223;LINESTRING(11.5689838674 48.1218679995,11.5689838674 48.1218679995);11.5689838674;48.1218679995;9
3;4000011;3319;3319;LINESTRING(11.6218935442 48.1606182382,11.6218935442 48.1606182382);11.6218935442;48.1606182382;26
4;4000012;3319;3319;LINESTRING(11.6218839722 48.1606086858,11.6218839722 48.1606086858);11.6218839722;48.1606086858;9
5;4055011;22779;22779;LINESTRING(11.7057667951 48.1384549528,11.7057667951 48.1384549528);11.7057667951;48.1384549528;3
6;4055012;22779;22779;LINESTRING(11.7057435755 48.1384598383,11.7057435755 48.1384598383);11.7057435755;48.1384598383;1
7;10493006;434;434;LINESTRING(11.4944287729 48.1657568353,11.4944287729 48.1657568353);11.4944287729;48.1657568353;17
8;14043057;25149;25149;LINESTRING(11.6232793095 48.2229324587,11.6232793095 48.2229324587);11.6232793095;48.2229324587;2
9;4151012;3170;3170;LINESTRING(11.4841200134 48.1639479881,11.4841200134 48.1639479881);11.4841200134;48.1639479881;8
10;14043023;18610;18610;LINESTRING(11.6250225479 48.2147247848,11.6250225479 48.2147247848);11.6250225479;48.2147247848;1
11;14043060;29442;29442;LINESTRING(11.6230037847 48.2226445703,11.6230037847 48.2226445703);11.6230037847;48.2226445703;1
12;14043028;29438;29438;LINESTRING(11.6246598444 48.2147776088,11.6246598444 48.2147776088);11.6246598444;48.2147776088;2
13;4001012;34519;34519;LINESTRING(11.5948819914 48.1876689904,11.5948819914 48.1876689904);11.5948819914;48.1876689904;63
14;4135011;2783;2783;LINESTRING(11.6213440985 48.186238606,11.6213440985 48.186238606);11.6213440985;48.186238606;54
15;10997007;9982;9982;LINESTRING(11.4575430302 48.2063360686,11.4575430302 48.2063360686);11.4575430302;48.2063360686;2
16;4135021;2783;2783;LINESTRING(11.6214485551 48.1862028118,11.6214485551 48.1862028118);11.6214485551;48.1862028118;21
17;4137022;7426;7426;LINESTRING(11.5275581186 48.1730017676,11.5275581186 48.1730017676);11.5275581186;48.1730017676;18
18;14043062;29442;29442;LINESTRING(11.6230314114 48.2226340559,11.6230314114 48.2226340559);11.6230314114;48.2226340559;1
19;4151021;3170;3170;LINESTRING(11.4841360707 48.1639467911,11.4841360707 48.1639467911);11.4841360707;48.1639467911;24
20;4001013;34891;34891;LINESTRING(11.5948994597 48.1877638781,11.5948994597 48.1877638781);11.5948994597;48.1877638781;31
21;4001014;34891;34891;LINESTRING(11.5949051634 48.1877632618,11.5949051634 48.1877632618);11.5949051634;48.1877632618;28
22;11319001;3162;3162;LINESTRING(11.6086001676 48.194538811,11.6086001676 48.194538811);11.6086001676;48.194538811;2
23;14043030;18610;18610;LINESTRING(11.6256079017 48.2157933285,11.6256079017 48.2157933285);11.6256079017;48.2157933285;1
24;4151022;3170;3170;LINESTRING(11.484116337 48.1639482621,11.484116337 48.1639482621);11.484116337;48.1639482621;18
25;10493007;9540;9540;LINESTRING(11.4927072638 48.1655192211,11.4927072638 48.1655192211);11.4927072638;48.1655192211;2
26;4093011;1765;1765;LINESTRING(11.6858707571 48.1378086475,11.6858707571 48.1378086475);11.6858707571;48.1378086475;13
27;4132021;3257;3257;LINESTRING(11.5433567726 48.1766491733,11.5433567726 48.1766491733);11.5433567726;48.1766491733;3
28;10997009;9980;9980;LINESTRING(11.4581899183 48.206520518,11.4581899183 48.206520518);11.4581899183;48.206520518;7
29;4063012;29189;29189;LINESTRING(11.692510679 48.1334489229,11.692510679 48.1334489229);11.692510679;48.1334489229;27
30;14043035;29438;29438;LINESTRING(11.625263763 48.215862937,11.625263763 48.215862937);11.625263763;48.215862937;2
31;4077011;22789;22789;LINESTRING(11.6916237281 48.139920338,11.6916237281 48.139920338);11.6916237281;48.139920338;2
32;4003011;35775;35775;LINESTRING(11.6061630899 48.156416595,11.6061630899 48.156416595);11.6061630899;48.156416595;97
33;11113003;2422;2422;LINESTRING(11.5476253897 48.1354194712,11.5476253897 48.1354194712);11.5476253897;48.1354194712;3
34;11319003;18547;18547;LINESTRING(11.6086243079 48.1950221674,11.6086243079 48.1950221674);11.6086243079;48.1950221674;3
35;4003012;35775;35775;LINESTRING(11.606165455 48.156415655,11.606165455 48.156415655);11.606165455;48.156415655;49
36;10493008;9540;9540;LINESTRING(11.4927104881 48.1655048918,11.4927104881 48.1655048918);11.4927104881;48.1655048918;4
37;4059011;3834;3834;LINESTRING(11.7124073808 48.1397585231,11.7124073808 48.1397585231);11.7124073808;48.1397585231;3
38;4132022;3258;3258;LINESTRING(11.5432796989 48.1765353814,11.5432796989 48.1765353814);11.5432796989;48.1765353814;21
39;10079007;8768;8768;LINESTRING(11.6000057124 48.140581116,11.6000057124 48.140581116);11.6000057124;48.140581116;2
40;10128006;4460;4460;LINESTRING(11.5893761344 48.1250196344,11.5893761344 48.1250196344);11.5893761344;48.1250196344;3
41;4012015;359;359;LINESTRING(11.5243980661 48.1280074672,11.5243980661 48.1280074672);11.5243980661;48.1280074672;165
42;4132023;3258;3258;LINESTRING(11.5432848637 48.1765349674,11.5432848637 48.1765349674);11.5432848637;48.1765349674;12
43;4059012;3834;3834;LINESTRING(11.7124073808 48.1397585231,11.7124073808 48.1397585231);11.7124073808;48.1397585231;6
44;10493009;9541;9541;LINESTRING(11.4925525329 48.165937843,11.4925525329 48.165937843);11.4925525329;48.165937843;4
45;4077012;22789;22789;LINESTRING(11.6916124268 48.1399161864,11.6916124268 48.1399161864);11.6916124268;48.1399161864;4
46;4136011;3123;3123;LINESTRING(11.553890833 48.100301224,11.553890833 48.100301224);11.553890833;48.100301224;7
47;11319006;10341;10341;LINESTRING(11.608937047 48.1951895672,11.608937047 48.1951895672);11.608937047;48.1951895672;1
48;11113006;2484;2484;LINESTRING(11.5474642531 48.1356491668,11.5474642531 48.1356491668);11.5474642531;48.1356491668;3
49;4136021;3123;3123;LINESTRING(11.5539047957 48.1002983782,11.5539047957 48.1002983782);11.5539047957;48.1002983782;5
50;4110022;9185;9185;LINESTRING(11.4806606685 48.1451446299,11.4806606685 48.1451446299);11.4806606685;48.1451446299;45
51;4171021;11081;11081;LINESTRING(11.5989790633 48.1489825334,11.5989790633 48.1489825334);11.5989790633;48.1489825334;16
52;10079008;8768;8768;LINESTRING(11.5998598853 48.1403195424,11.5998598853 48.1403195424);11.5998598853;48.1403195424;15
53;10674006;19353;19353;LINESTRING(11.5574240439 48.1172676367,11.5574240439 48.1172676367);11.5574240439;48.1172676367;15
54;4132024;1376;1376;LINESTRING(11.5433580328 48.1763071061,11.5433580328 48.1763071061);11.5433580328;48.1763071061;28
55;10460002;18535;18535;LINESTRING(11.5257900838 48.0773480456,11.5257900838 48.0773480456);11.5257900838;48.0773480456;1
56;14043037;18610;18610;LINESTRING(11.6263327157 48.2170463246,11.6263327157 48.2170463246);11.6263327157;48.2170463246;1
57;4020013;7250;7250;LINESTRING(11.6169056393 48.1552993271,11.6169056393 48.1552993271);11.6169056393;48.1552993271;21
58;4059013;3834;3834;LINESTRING(11.7124073808 48.1397585231,11.7124073808 48.1397585231);11.7124073808;48.1397585231;5
59;10070001;2212;2212;LINESTRING(11.5788670976 48.1291237442,11.5788670976 48.1291237442);11.5788670976;48.1291237442;19
60;4137011;26869;26869;LINESTRING(11.5274314338 48.172876939,11.5274314338 48.172876939);11.5274314338;48.172876939;1
61;4012016;1326;1326;LINESTRING(11.5244800187 48.1278990424,11.5244800187 48.1278990424);11.5244800187;48.1278990424;38
62;11319007;18545;18545;LINESTRING(11.6090903957 48.1949164622,11.6090903957 48.1949164622);11.6090903957;48.1949164622;1
63;10253002;10997;10997;LINESTRING(11.6175493785 48.1148570238,11.6175493785 48.1148570238);11.6175493785;48.1148570238;44
64;4081011;1580;1580;LINESTRING(11.6947122112 48.1405467577,11.6947122112 48.1405467577);11.6947122112;48.1405467577;3
65;4137012;26869;26869;LINESTRING(11.5274401144 48.1728724972,11.5274401144 48.1728724972);11.5274401144;48.1728724972;7
66;4046011;2067;2067;LINESTRING(11.6772370483 48.1400370932,11.6772370483 48.1400370932);11.6772370483;48.1400370932;9
67;10199033;2293;2293;LINESTRING(11.6022755718 48.1153872647,11.6022755718 48.1153872647);11.6022755718;48.1153872647;10
68;10128028;13241;13241;LINESTRING(11.5876590401 48.1240019732,11.5876590401 48.1240019732);11.5876590401;48.1240019732;1
69;4132025;1376;1376;LINESTRING(11.5433586267 48.1763070995,11.5433586267 48.1763070995);11.5433586267;48.1763070995;6
70;4137021;7426;7426;LINESTRING(11.5275890346 48.172986135,11.5275890346 48.172986135);11.5275890346;48.172986135;9
71;4139022;7346;7346;LINESTRING(11.5397044968 48.1149862434,11.5397044968 48.1149862434);11.5397044968;48.1149862434;4
72;10285020;7236;7236;LINESTRING(11.6151108884 48.1528665489,11.6151108884 48.1528665489);11.6151108884;48.1528665489;38
73;10674007;19353;19353;LINESTRING(11.557432126 48.1172789777,11.557432126 48.1172789777);11.557432126;48.1172789777;17
74;10199007;30472;30472;LINESTRING(11.6027238858 48.1160648477,11.6027238858 48.1160648477);11.6027238858;48.1160648477;16
75;14043040;29438;29438;LINESTRING(11.6259807113 48.2171541102,11.6259807113 48.2171541102);11.6259807113;48.2171541102;2
76;10280001;14935;14935;LINESTRING(11.6132103145 48.1243571198,11.6132103145 48.1243571198);11.6132103145;48.1243571198;5
77;10285003;7236;7236;LINESTRING(11.6156951327 48.153621253,11.6156951327 48.153621253);11.6156951327;48.153621253;16
78;10560005;29178;29178;LINESTRING(11.6294600612 48.1539862321,11.6294600612 48.1539862321);11.6294600612;48.1539862321;1
79;11113007;7318;7318;LINESTRING(11.5481963038 48.135877762,11.5481963038 48.135877762);11.5481963038;48.135877762;5
80;4004011;6265;6265;LINESTRING(11.59633366 48.1635112418,11.59633366 48.1635112418);11.59633366;48.1635112418;51
81;4066011;4895;4895;LINESTRING(11.7026614258 48.1335298154,11.7026614258 48.1335298154);11.7026614258;48.1335298154;8
82;11039003;9981;9981;LINESTRING(11.4573103966 48.2042485416,11.4573103966 48.2042485416);11.4573103966;48.2042485416;18
83;4081012;1580;1580;LINESTRING(11.6947122112 48.1405467577,11.6947122112 48.1405467577);11.6947122112;48.1405467577;1
84;10495001;2239;2239;LINESTRING(11.5701444128 48.1201937426,11.5701444128 48.1201937426);11.5701444128;48.1201937426;6
85;4157011;30620;30620;LINESTRING(11.5714791637 48.110698079,11.5714791637 48.110698079);11.5714791637;48.110698079;8
86;4004012;6265;6265;LINESTRING(11.5963266607 48.163524429,11.5963266607 48.163524429);11.5963266607;48.163524429;17
87;11273001;26591;26591;LINESTRING(11.5563033615 48.1613586285,11.5563033615 48.1613586285);11.5563033615;48.1613586285;1
88;10275004;34853;34853;LINESTRING(11.5525504706 48.1613429674,11.5525504706 48.1613429674);11.5525504706;48.1613429674;6
89;4144022;31711;31711;LINESTRING(11.5560669679 48.140743012,11.5560669679 48.140743012);11.5560669679;48.140743012;13
90;11178001;5378;5378;LINESTRING(11.5972751878 48.1357405616,11.5972751878 48.1357405616);11.5972751878;48.1357405616;9
91;4020014;7250;7250;LINESTRING(11.6168902735 48.1552829289,11.6168902735 48.1552829289);11.6168902735;48.1552829289;16
92;10039001;27949;27949;LINESTRING(11.5799702643 48.1154486026,11.5799702643 48.1154486026);11.5799702643;48.1154486026;5
93;10070002;2212;2212;LINESTRING(11.5787452516 48.1290692631,11.5787452516 48.1290692631);11.5787452516;48.1290692631;16
94;4097011;1337;1337;LINESTRING(11.5481088282 48.1121738034,11.5481088282 48.1121738034);11.5481088282;48.1121738034;15
95;10253003;10997;10997;LINESTRING(11.6175431803 48.1148464626,11.6175431803 48.1148464626);11.6175431803;48.1148464626;37
96;4160011;2982;2982;LINESTRING(11.6151265327 48.1410327189,11.6151265327 48.1410327189);11.6151265327;48.1410327189;8
97;4005011;7142;7142;LINESTRING(11.5928613469 48.1754924001,11.5928613469 48.1754924001);11.5928613469;48.1754924001;30
98;10113005;30268;30268;LINESTRING(11.5971553859 48.1497705203,11.5971553859 48.1497705203);11.5971553859;48.1497705203;4
99;10495002;2224;2224;LINESTRING(11.5703194971 48.120683659,11.5703194971 48.120683659);11.5703194971;48.120683659;3
100;10128029;4460;4460;LINESTRING(11.5890807498 48.1248886416,11.5890807498 48.1248886416);11.5890807498;48.1248886416;2
101;4060011;1173;1173;LINESTRING(11.6901957965 48.135976343,11.6901957965 48.135976343);11.6901957965;48.135976343;15
102;4133011;36099;36099;LINESTRING(11.5957525857 48.141031702,11.5957525857 48.141031702);11.5957525857;48.141031702;29
103;10285004;7236;7236;LINESTRING(11.6156893997 48.1536123769,11.6156893997 48.1536123769);11.6156893997;48.1536123769;12
104;10285021;14259;14259;LINESTRING(11.6154973597 48.153867332,11.6154973597 48.153867332);11.6154973597;48.153867332;11
105;4119011;10654;10654;LINESTRING(11.5840756718 48.1564332126,11.5840756718 48.1564332126);11.5840756718;48.1564332126;33
106;4102013;7261;7261;LINESTRING(11.6154326861 48.1428745927,11.6154326861 48.1428745927);11.6154326861;48.1428745927;35
107;4172011;7792;7792;LINESTRING(11.5191598849 48.1425773928,11.5191598849 48.1425773928);11.5191598849;48.1425773928;27
108;11017003;13952;13952;LINESTRING(11.6270360407 48.1414110351,11.6270360407 48.1414110351);11.6270360407;48.1414110351;6
109;4066012;4895;4895;LINESTRING(11.7026926165 48.1335300684,11.7026926165 48.1335300684);11.7026926165;48.1335300684;14
110;11178002;5378;5378;LINESTRING(11.5972178635 48.1357512358,11.5972178635 48.1357512358);11.5972178635;48.1357512358;18
111;10075002;34161;34161;LINESTRING(11.5625936374 48.1439532856,11.5625936374 48.1439532856);11.5625936374;48.1439532856;1
112;10199008;30472;30472;LINESTRING(11.6025563386 48.1160035109,11.6025563386 48.1160035109);11.6025563386;48.1160035109;9
113;4106011;25344;25344;LINESTRING(11.6181150229 48.1372297991,11.6181150229 48.1372297991);11.6181150229;48.1372297991;27
114;10518010;13208;13208;LINESTRING(11.5820518681 48.1175300461,11.5820518681 48.1175300461);11.5820518681;48.1175300461;17
115;4111011;30329;30329;LINESTRING(11.5493765913 48.190766953,11.5493765913 48.190766953);11.5493765913;48.190766953;25
116;10011002;10654;10654;LINESTRING(11.5842633597 48.15683228,11.5842633597 48.15683228);11.5842633597;48.15683228;43
117;4005012;7142;7142;LINESTRING(11.5928654447 48.1754905848,11.5928654447 48.1754905848);11.5928654447;48.1754905848;42
118;10933003;19514;19514;LINESTRING(11.4868908635 48.1796529036,11.4868908635 48.1796529036);11.4868908635;48.1796529036;7
119;11273002;26591;26591;LINESTRING(11.5563031049 48.161358631,11.5563031049 48.161358631);11.5563031049;48.161358631;12
120;11113008;7318;7318;LINESTRING(11.5481639451 48.1358605532,11.5481639451 48.1358605532);11.5481639451;48.1358605532;8
121;4100011;1722;1722;LINESTRING(11.6153755792 48.1295953193,11.6153755792 48.1295953193);11.6153755792;48.1295953193;64
122;4022011;1195;1195;LINESTRING(11.6572707296 48.1294526244,11.6572707296 48.1294526244);11.6572707296;48.1294526244;12
123;4013011;30365;30365;LINESTRING(11.5365797569 48.1491705878,11.5365797569 48.1491705878);11.5365797569;48.1491705878;18
124;10534004;26734;26734;LINESTRING(11.5206019325 48.090521156,11.5206019325 48.090521156);11.5206019325;48.090521156;2
125;4014011;7003;7003;LINESTRING(11.537570273 48.1596928514,11.537570273 48.1596928514);11.537570273;48.1596928514;17
126;10039002;34497;34497;LINESTRING(11.5804208337 48.1161315158,11.5804208337 48.1161315158);11.5804208337;48.1161315158;16
127;4005013;34651;34651;LINESTRING(11.5929111996 48.1755851648,11.5929111996 48.1755851648);11.5929111996;48.1755851648;2
128;10285006;3320;3320;LINESTRING(11.6160705847 48.1545442485,11.6160705847 48.1545442485);11.6160705847;48.1545442485;7
129;4138011;30541;30541;LINESTRING(11.5011323625 48.1032445155,11.5011323625 48.1032445155);11.5011323625;48.1032445155;3
130;10280002;14935;14935;LINESTRING(11.6131956788 48.1242303531,11.6131956788 48.1242303531);11.6131956788;48.1242303531;19
131;10204001;5685;5685;LINESTRING(11.5746596133 48.1332278271,11.5746596133 48.1332278271);11.5746596133;48.1332278271;1
132;4007014;28675;28675;LINESTRING(11.5608016164 48.1867876722,11.5608016164 48.1867876722);11.5608016164;48.1867876722;71
133;10495003;2234;2234;LINESTRING(11.5709518532 48.1208362095,11.5709518532 48.1208362095);11.5709518532;48.1208362095;7
134;10460003;1619;1619;LINESTRING(11.5258547405 48.0779003947,11.5258547405 48.0779003947);11.5258547405;48.0779003947;6
135;11056002;7081;7081;LINESTRING(11.5644750884 48.1640922853,11.5644750884 48.1640922853);11.5644750884;48.1640922853;20
136;4130011;5148;5148;LINESTRING(11.6725500285 48.0867227073,11.6725500285 48.0867227073);11.6725500285;48.0867227073;27
137;10417002;20825;20825;LINESTRING(11.4954548403 48.1122577046,11.4954548403 48.1122577046);11.4954548403;48.1122577046;22
138;10416005;7100;7100;LINESTRING(11.5739810778 48.1781255947,11.5739810778 48.1781255947);11.5739810778;48.1781255947;3
139;14043047;29436;29436;LINESTRING(11.6271859701 48.2203830835,11.6271859701 48.2203830835);11.6271859701;48.2203830835;1
140;4119012;10654;10654;LINESTRING(11.5840700585 48.1564212776,11.5840700585 48.1564212776);11.5840700585;48.1564212776;54
141;4152011;30698;30698;LINESTRING(11.4701352714 48.1774303777,11.4701352714 48.1774303777);11.4701352714;48.1774303777;16
142;10285022;14259;14259;LINESTRING(11.6155041784 48.1538757904,11.6155041784 48.1538757904);11.6155041784;48.1538757904;23
143;11320001;19645;19645;LINESTRING(11.4669604731 48.1901461415,11.4669604731 48.1901461415);11.4669604731;48.1901461415;2
144;10129001;9499;9499;LINESTRING(11.5382522768 48.1005945887,11.5382522768 48.1005945887);11.5382522768;48.1005945887;1
145;4070011;1796;1796;LINESTRING(11.7141230788 48.1344851247,11.7141230788 48.1344851247);11.7141230788;48.1344851247;11
146;11140002;9125;9125;LINESTRING(11.561002236 48.1533415155,11.561002236 48.1533415155);11.561002236;48.1533415155;12
147;11273003;26591;26591;LINESTRING(11.5566640096 48.1613537927,11.5566640096 48.1613537927);11.5566640096;48.1613537927;3
148;4148011;7262;7262;LINESTRING(11.6152453645 48.1356518285,11.6152453645 48.1356518285);11.6152453645;48.1356518285;43
149;4060012;1173;1173;LINESTRING(11.6901957965 48.135976343,11.6901957965 48.135976343);11.6901957965;48.135976343;13
150;4160021;7261;7261;LINESTRING(11.6151527618 48.1410342004,11.6151527618 48.1410342004);11.6151527618;48.1410342004;10
151;4111012;30329;30329;LINESTRING(11.5493662069 48.1907831283,11.5493662069 48.1907831283);11.5493662069;48.1907831283;2
152;4047011;13684;13684;LINESTRING(11.6901212376 48.1391484039,11.6901212376 48.1391484039);11.6901212376;48.1391484039;6
153;10199009;2293;2293;LINESTRING(11.6022974991 48.1152957484,11.6022974991 48.1152957484);11.6022974991;48.1152957484;4
154;4167011;692;692;LINESTRING(11.5349133214 48.1452645474,11.5349133214 48.1452645474);11.5349133214;48.1452645474;16
155;10236001;445;445;LINESTRING(11.5336943599 48.1350109978,11.5336943599 48.1350109978);11.5336943599;48.1350109978;5
156;10560006;29178;29178;LINESTRING(11.6294769319 48.1540776054,11.6294769319 48.1540776054);11.6294769319;48.1540776054;2
157;4133012;36099;36099;LINESTRING(11.5957656335 48.1410600456,11.5957656335 48.1410600456);11.5957656335;48.1410600456;43
158;10519002;7459;7459;LINESTRING(11.5663826362 48.1850229691,11.5663826362 48.1850229691);11.5663826362;48.1850229691;18
159;4005014;34651;34651;LINESTRING(11.5929435939 48.1755722092,11.5929435939 48.1755722092);11.5929435939;48.1755722092;4
160;4140011;9027;9027;LINESTRING(11.572489046 48.1073324641,11.572489046 48.1073324641);11.572489046;48.1073324641;3
161;4102021;1555;1555;LINESTRING(11.6152708949 48.1428536077,11.6152708949 48.1428536077);11.6152708949;48.1428536077;102
162;4083011;1181;1181;LINESTRING(11.6710648683 48.1349448047,11.6710648683 48.1349448047);11.6710648683;48.1349448047;20
163;10280003;8082;8082;LINESTRING(11.6125767143 48.1247077231,11.6125767143 48.1247077231);11.6125767143;48.1247077231;6
164;4146011;28367;28367;LINESTRING(11.6332041192 48.1352767875,11.6332041192 48.1352767875);11.6332041192;48.1352767875;20
165;11122001;791;791;LINESTRING(11.4583634561 48.1948043502,11.4583634561 48.1948043502);11.4583634561;48.1948043502;4
166;10253006;14828;14828;LINESTRING(11.6178902105 48.1158761477,11.6178902105 48.1158761477);11.6178902105;48.1158761477;39
167;10070003;5687;5687;LINESTRING(11.5789986701 48.1295223812,11.5789986701 48.1295223812);11.5789986701;48.1295223812;7
168;4172021;7792;7792;LINESTRING(11.5191661499 48.1425960086,11.5191661499 48.1425960086);11.5191661499;48.1425960086;24
169;4157012;30620;30620;LINESTRING(11.5714787734 48.1106980823,11.5714787734 48.1106980823);11.5714787734;48.1106980823;11
170;4061011;1175;1175;LINESTRING(11.6903297738 48.1350223162,11.6903297738 48.1350223162);11.6903297738;48.1350223162;15
171;4130021;5148;5148;LINESTRING(11.6726014748 48.0867027473,11.6726014748 48.0867027473);11.6726014748;48.0867027473;14
172;4106021;25258;25258;LINESTRING(11.6180624542 48.1371082788,11.6180624542 48.1371082788);11.6180624542;48.1371082788;34
173;10743001;35385;35385;LINESTRING(11.6456590139 48.0966445372,11.6456590139 48.0966445372);11.6456590139;48.0966445372;24
174;11056003;2606;2606;LINESTRING(11.5644434493 48.1645434358,11.5644434493 48.1645434358);11.5644434493;48.1645434358;6
175;10416006;7100;7100;LINESTRING(11.5739813846 48.1781255803,11.5739813846 48.1781255803);11.5739813846;48.1781255803;1
176;4138012;30541;30541;LINESTRING(11.5011408456 48.1032658995,11.5011408456 48.1032658995);11.5011408456;48.1032658995;20
177;10075004;3433;3433;LINESTRING(11.5629477284 48.1444982632,11.5629477284 48.1444982632);11.5629477284;48.1444982632;2
178;10836001;3142;3142;LINESTRING(11.4608495381 48.1441107114,11.4608495381 48.1441107114);11.4608495381;48.1441107114;9
179;10275005;4800;4800;LINESTRING(11.5528483469 48.1618483533,11.5528483469 48.1618483533);11.5528483469;48.1618483533;22
180;4013012;30365;30365;LINESTRING(11.5365795904 48.1491682344,11.5365795904 48.1491682344);11.5365795904;48.1491682344;43
181;4100012;1722;1722;LINESTRING(11.6153755053 48.1295970375,11.6153755053 48.1295970375);11.6153755053;48.1295970375;24
182;4035012;1535;1535;LINESTRING(11.5741816447 48.1779465831,11.5741816447 48.1779465831);11.5741816447;48.1779465831;4
183;10560007;29178;29178;LINESTRING(11.6294613399 48.1539931575,11.6294613399 48.1539931575);11.6294613399;48.1539931575;1
184;10534005;32910;32910;LINESTRING(11.5212636205 48.0909532101,11.5212636205 48.0909532101);11.5212636205;48.0909532101;9
185;10582002;12657;12657;LINESTRING(11.5643464183 48.2011176497,11.5643464183 48.2011176497);11.5643464183;48.2011176497;31
186;4097012;1337;1337;LINESTRING(11.5481071991 48.1121736632,11.5481071991 48.1121736632);11.5481071991;48.1121736632;92
187;4140012;9027;9027;LINESTRING(11.5725149305 48.1073532033,11.5725149305 48.1073532033);11.5725149305;48.1073532033;12
188;4005015;34651;34651;LINESTRING(11.5929383371 48.1755742267,11.5929383371 48.1755742267);11.5929383371;48.1755742267;89
189;10204002;5685;5685;LINESTRING(11.5746816836 48.1332442778,11.5746816836 48.1332442778);11.5746816836;48.1332442778;4
190;10070004;2210;2210;LINESTRING(11.5796127107 48.129483503,11.5796127107 48.129483503);11.5796127107;48.129483503;30
191;10280004;8060;8060;LINESTRING(11.6131288383 48.125020391,11.6131288383 48.125020391);11.6131288383;48.125020391;20
192;11273004;33727;33727;LINESTRING(11.5569199654 48.1616781965,11.5569199654 48.1616781965);11.5569199654;48.1616781965;3
193;11152001;21621;21621;LINESTRING(11.4675528165 48.1403380558,11.4675528165 48.1403380558);11.4675528165;48.1403380558;9
194;4161011;7377;7377;LINESTRING(11.6147812596 48.129371234,11.6147812596 48.129371234);11.6147812596;48.129371234;5
195;11338011;15526;15526;LINESTRING(11.5330496275 48.2083425459,11.5330496275 48.2083425459);11.5330496275;48.2083425459;18
196;10236002;446;446;LINESTRING(11.534344222 48.1349640038,11.534344222 48.1349640038);11.534344222;48.1349640038;9
197;11337001;11283;11283;LINESTRING(11.5300178159 48.1289899154,11.5300178159 48.1289899154);11.5300178159;48.1289899154;3
198;10498001;8682;8682;LINESTRING(11.5282052696 48.1476752487,11.5282052696 48.1476752487);11.5282052696;48.1476752487;22
199;4102022;1555;1555;LINESTRING(11.6152708949 48.1428536077,11.6152708949 48.1428536077);11.6152708949;48.1428536077;36
200;10460004;28166;28166;LINESTRING(11.5262940547 48.0778144482,11.5262940547 48.0778144482);11.5262940547;48.0778144482;2
201;4097013;7354;7354;LINESTRING(11.5481126424 48.112113815,11.5481126424 48.112113815);11.5481126424;48.112113815;37
202;10519003;7459;7459;LINESTRING(11.5663830767 48.1850197647,11.5663830767 48.1850197647);11.5663830767;48.1850197647;11
203;10011003;11947;11947;LINESTRING(11.5839512507 48.1573465534,11.5839512507 48.1573465534);11.5839512507;48.1573465534;4
204;10416008;28619;28619;LINESTRING(11.5728186491 48.1774443731,11.5728186491 48.1774443731);11.5728186491;48.1774443731;17
205;4153014;34096;34096;LINESTRING(11.4564315292 48.1518997218,11.4564315292 48.1518997218);11.4564315292;48.1518997218;7
206;4152012;19505;19505;LINESTRING(11.4701120089 48.1775241273,11.4701120089 48.1775241273);11.4701120089;48.1775241273;5
207;11122002;791;791;LINESTRING(11.4581923462 48.1949576418,11.4581923462 48.1949576418);11.4581923462;48.1949576418;4
208;4167012;692;692;LINESTRING(11.5349331365 48.1453037248,11.5349331365 48.1453037248);11.5349331365;48.1453037248;40
209;4131011;4332;4332;LINESTRING(11.6407014206 48.1058694076,11.6407014206 48.1058694076);11.6407014206;48.1058694076;31
210;10280005;8060;8060;LINESTRING(11.613128997 48.1250217355,11.613128997 48.1250217355);11.613128997;48.1250217355;29
211;4107011;34109;34109;LINESTRING(11.4939895042 48.1990439217,11.4939895042 48.1990439217);11.4939895042;48.1990439217;31
212;4070012;1796;1796;LINESTRING(11.7141169212 48.1344814102,11.7141169212 48.1344814102);11.7141169212;48.1344814102;5
213;4119013;10654;10654;LINESTRING(11.5840591793 48.1563981458,11.5840591793 48.1563981458);11.5840591793;48.1563981458;47
214;10836002;3143;3143;LINESTRING(11.4612703113 48.1439909707,11.4612703113 48.1439909707);11.4612703113;48.1439909707;4
215;10253007;14828;14828;LINESTRING(11.6178940551 48.1158842814,11.6178940551 48.1158842814);11.6178940551;48.1158842814;64
216;11056004;4763;4763;LINESTRING(11.5640472318 48.1645822683,11.5640472318 48.1645822683);11.5640472318;48.1645822683;1
217;4087011;29410;29410;LINESTRING(11.6733866939 48.1373931975,11.6733866939 48.1373931975);11.6733866939;48.1373931975;3
218;10113006;30268;30268;LINESTRING(11.5968803315 48.1498955336,11.5968803315 48.1498955336);11.5968803315;48.1498955336;2
219;4157021;7327;7327;LINESTRING(11.5713457446 48.1108073438,11.5713457446 48.1108073438);11.5713457446;48.1108073438;10
220;4014012;3556;3556;LINESTRING(11.5375422539 48.1596718394,11.5375422539 48.1596718394);11.5375422539;48.1596718394;97
221;10070005;2210;2210;LINESTRING(11.5797406685 48.1295491928,11.5797406685 48.1295491928);11.5797406685;48.1295491928;31
222;4005016;34651;34651;LINESTRING(11.5929330803 48.1755762442,11.5929330803 48.1755762442);11.5929330803;48.1755762442;24
223;4061012;1175;1175;LINESTRING(11.6903299807 48.1350208634,11.6903299807 48.1350208634);11.6903299807;48.1350208634;29
224;4097021;326;326;LINESTRING(11.5481123597 48.1120529299,11.5481123597 48.1120529299);11.5481123597;48.1120529299;12
225;11178005;28297;28297;LINESTRING(11.5979295257 48.1360571129,11.5979295257 48.1360571129);11.5979295257;48.1360571129;14
226;10582003;10423;10423;LINESTRING(11.5641001268 48.2017668234,11.5641001268 48.2017668234);11.5641001268;48.2017668234;13
227;11017004;13613;13613;LINESTRING(11.627277945 48.1418903811,11.627277945 48.1418903811);11.627277945;48.1418903811;8
228;10534006;32910;32910;LINESTRING(11.5212689277 48.0909635008,11.5212689277 48.0909635008);11.5212689277;48.0909635008;17
229;4035013;7101;7101;LINESTRING(11.5741814412 48.1780286961,11.5741814412 48.1780286961);11.5741814412;48.1780286961;2
230;4173011;19328;19328;LINESTRING(11.5872864657 48.2115418648,11.5872864657 48.2115418648);11.5872864657;48.2115418648;6
231;4148021;7187;7187;LINESTRING(11.6154091825 48.1358479612,11.6154091825 48.1358479612);11.6154091825;48.1358479612;37
232;10933004;19514;19514;LINESTRING(11.4868974857 48.1796528881,11.4868974857 48.1796528881);11.4868974857;48.1796528881;6
233;4146021;28367;28367;LINESTRING(11.6332130998 48.1353048995,11.6332130998 48.1353048995);11.6332130998;48.1353048995;20
234;11337002;25331;25331;LINESTRING(11.5302475973 48.1293279045,11.5302475973 48.1293279045);11.5302475973;48.1293279045;2
235;4161012;7377;7377;LINESTRING(11.614793497 48.1293905503,11.614793497 48.1293905503);11.614793497;48.1293905503;5
236;10199010;2293;2293;LINESTRING(11.6022961889 48.1153012168,11.6022961889 48.1153012168);11.6022961889;48.1153012168;9
237;10184002;11574;11574;LINESTRING(11.5687126565 48.1612069822,11.5687126565 48.1612069822);11.5687126565;48.1612069822;20
238;4007015;28675;28675;LINESTRING(11.5608020856 48.1867877141,11.5608020856 48.1867877141);11.5608020856;48.1867877141;27
239;4047012;35870;35870;LINESTRING(11.6900645223 48.1392439967,11.6900645223 48.1392439967);11.6900645223;48.1392439967;3
240;10417003;20825;20825;LINESTRING(11.4949220373 48.1122754225,11.4949220373 48.1122754225);11.4949220373;48.1122754225;11
241;4152021;19505;19505;LINESTRING(11.4700960995 48.1775234514,11.4700960995 48.1775234514);11.4700960995;48.1775234514;17
242;4097022;326;326;LINESTRING(11.5481099452 48.1120527448,11.5481099452 48.1120527448);11.5481099452;48.1120527448;86
243;4014013;3556;3556;LINESTRING(11.5375421773 48.1596704108,11.5375421773 48.1596704108);11.5375421773;48.1596704108;42
244;4022012;1195;1195;LINESTRING(11.6572832791 48.1294678997,11.6572832791 48.1294678997);11.6572832791;48.1294678997;8
245;4167021;681;681;LINESTRING(11.534724947 48.1405179182,11.534724947 48.1405179182);11.534724947;48.1405179182;52
246;4173012;19328;19328;LINESTRING(11.5872892916 48.2115560852,11.5872892916 48.2115560852);11.5872892916;48.2115560852;20
247;4071011;1164;1164;LINESTRING(11.7151896576 48.1369317887,11.7151896576 48.1369317887);11.7151896576;48.1369317887;5
248;4140021;9028;9028;LINESTRING(11.572680963 48.1072960707,11.572680963 48.1072960707);11.572680963;48.1072960707;8
249;10113009;11084;11084;LINESTRING(11.5965566076 48.1501242158,11.5965566076 48.1501242158);11.5965566076;48.1501242158;5
250;4111013;30329;30329;LINESTRING(11.5493482216 48.1908111432,11.5493482216 48.1908111432);11.5493482216;48.1908111432;17
251;4107012;34109;34109;LINESTRING(11.4939770336 48.1990565299,11.4939770336 48.1990565299);11.4939770336;48.1990565299;13
252;11178007;1150;1150;LINESTRING(11.5983140872 48.1357224619,11.5983140872 48.1357224619);11.5983140872;48.1357224619;4
253;10204003;2181;2181;LINESTRING(11.5746878978 48.1326638344,11.5746878978 48.1326638344);11.5746878978;48.1326638344;7
254;11152002;22299;22299;LINESTRING(11.4685848212 48.1404006522,11.4685848212 48.1404006522);11.4685848212;48.1404006522;7
255;4013013;6509;6509;LINESTRING(11.5367151679 48.149185671,11.5367151679 48.149185671);11.5367151679;48.149185671;72
256;11122003;790;790;LINESTRING(11.4578466014 48.1951211361,11.4578466014 48.1951211361);11.4578466014;48.1951211361;1
257;10011004;11947;11947;LINESTRING(11.5838987916 48.1573604047,11.5838987916 48.1573604047);11.5838987916;48.1573604047;2
258;4036011;1539;1539;LINESTRING(11.5834378035 48.1774771013,11.5834378035 48.1774771013);11.5834378035;48.1774771013;4
259;10519004;7459;7459;LINESTRING(11.5664183964 48.184731435,11.5664183964 48.184731435);11.5664183964;48.184731435;10
260;4167022;681;681;LINESTRING(11.5347248163 48.1405267952,11.5347248163 48.1405267952);11.5347248163;48.1405267952;8
261;10743002;26940;26940;LINESTRING(11.6465959202 48.0968987783,11.6465959202 48.0968987783);11.6465959202;48.0968987783;6
262;11338008;15526;15526;LINESTRING(11.5331767173 48.2080042155,11.5331767173 48.2080042155);11.5331767173;48.2080042155;18
263;10285007;3320;3320;LINESTRING(11.6160792343 48.1545534225,11.6160792343 48.1545534225);11.6160792343;48.1545534225;19
264;10582004;10423;10423;LINESTRING(11.5641003771 48.2017649475,11.5641003771 48.2017649475);11.5641003771;48.2017649475;7
265;10039003;27988;27988;LINESTRING(11.5808057332 48.1155736111,11.5808057332 48.1155736111);11.5808057332;48.1155736111;4
266;10498003;35910;35910;LINESTRING(11.5271370782 48.1479371176,11.5271370782 48.1479371176);11.5271370782;48.1479371176;26
267;4131012;4332;4332;LINESTRING(11.6407013341 48.1058694078,11.6407013341 48.1058694078);11.6407013341;48.1058694078;11
268;4161013;28358;28358;LINESTRING(11.6152205864 48.1290475467,11.6152205864 48.1290475467);11.6152205864;48.1290475467;6
269;10011005;11947;11947;LINESTRING(11.583744649 48.1574011046,11.583744649 48.1574011046);11.583744649;48.1574011046;13
270;4048011;1575;1575;LINESTRING(11.6894206197 48.1382776165,11.6894206197 48.1382776165);11.6894206197;48.1382776165;14
271;10285008;3320;3320;LINESTRING(11.6160864287 48.154561053,11.6160864287 48.154561053);11.6160864287;48.154561053;12
272;10534007;32910;32910;LINESTRING(11.5211137995 48.0906627061,11.5211137995 48.0906627061);11.5211137995;48.0906627061;5
273;10933005;14282;14282;LINESTRING(11.4880438187 48.1795249558,11.4880438187 48.1795249558);11.4880438187;48.1795249558;14
274;4150011;1541;1541;LINESTRING(11.5948107946 48.1746505942,11.5948107946 48.1746505942);11.5948107946;48.1746505942;44
275;4103011;1553;1553;LINESTRING(11.6158157496 48.1509263784,11.6158157496 48.1509263784);11.6158157496;48.1509263784;11
276;10113010;31943;31943;LINESTRING(11.5963277528 48.1498799152,11.5963277528 48.1498799152);11.5963277528;48.1498799152;1
277;10519005;26210;26210;LINESTRING(11.5668073254 48.1845483255,11.5668073254 48.1845483255);11.5668073254;48.1845483255;22
278;10416009;28619;28619;LINESTRING(11.5728172948 48.177438794,11.5728172948 48.177438794);11.5728172948;48.177438794;35
279;11056005;4762;4762;LINESTRING(11.5644818232 48.1649543213,11.5644818232 48.1649543213);11.5644818232;48.1649543213;2
280;4013014;6509;6509;LINESTRING(11.536714374 48.1491757313,11.536714374 48.1491757313);11.536714374;48.1491757313;39
281;11028001;2620;2620;LINESTRING(11.5812273413 48.1670417245,11.5812273413 48.1670417245);11.5812273413;48.1670417245;4
282;4138013;30542;30542;LINESTRING(11.5014212796 48.1030934835,11.5014212796 48.1030934835);11.5014212796;48.1030934835;23
283;11338009;15522;15522;LINESTRING(11.532771541 48.2084057408,11.532771541 48.2084057408);11.532771541;48.2084057408;2
284;4097023;7354;7354;LINESTRING(11.5481045987 48.1121131114,11.5481045987 48.1121131114);11.5481045987;48.1121131114;16
285;4071012;1164;1164;LINESTRING(11.7151921179 48.1369248912,11.7151921179 48.1369248912);11.7151921179;48.1369248912;2
286;4157022;7327;7327;LINESTRING(11.5713286887 48.110809194,11.5713286887 48.110809194);11.5713286887;48.110809194;19
287;4063011;29189;29189;LINESTRING(11.6925217455 48.1334490223,11.6925217455 48.1334490223);11.6925217455;48.1334490223;9
288;10199027;6960;6960;LINESTRING(11.6015849724 48.1155444126,11.6015849724 48.1155444126);11.6015849724;48.1155444126;10
289;10011006;11947;11947;LINESTRING(11.584131388 48.1573053535,11.584131388 48.1573053535);11.584131388;48.1573053535;10
290;10204004;25536;25536;LINESTRING(11.5738922621 48.1326683267,11.5738922621 48.1326683267);11.5738922621;48.1326683267;3
291;11273005;7077;7077;LINESTRING(11.5575404495 48.1615066442,11.5575404495 48.1615066442);11.5575404495;48.1615066442;8
292;10039004;27988;27988;LINESTRING(11.5808007844 48.1155744359,11.5808007844 48.1155744359);11.5808007844;48.1155744359;5
293;10113022;11084;11084;LINESTRING(11.5969406925 48.149969705,11.5969406925 48.149969705);11.5969406925;48.149969705;1
294;10248001;33886;33886;LINESTRING(11.4657607911 48.1462057783,11.4657607911 48.1462057783);11.4657607911;48.1462057783;21
295;10070006;2210;2210;LINESTRING(11.5796015386 48.1294777675,11.5796015386 48.1294777675);11.5796015386;48.1294777675;9
296;4048012;1575;1575;LINESTRING(11.6894206197 48.1382776165,11.6894206197 48.1382776165);11.6894206197;48.1382776165;20
297;10519016;26210;26210;LINESTRING(11.5667934792 48.1845485517,11.5667934792 48.1845485517);11.5667934792;48.1845485517;1
298;10285009;3320;3320;LINESTRING(11.615886301 48.154334545,11.615886301 48.154334545);11.615886301;48.154334545;8
299;4161021;1723;1723;LINESTRING(11.6155453227 48.129091539,11.6155453227 48.129091539);11.6155453227;48.129091539;4
300;4131021;8826;8826;LINESTRING(11.6409482953 48.1059337054,11.6409482953 48.1059337054);11.6409482953;48.1059337054;21
301;10280006;8074;8074;LINESTRING(11.6137552125 48.1246794051,11.6137552125 48.1246794051);11.6137552125;48.1246794051;7
302;4152022;19505;19505;LINESTRING(11.4700730534 48.1775224723,11.4700730534 48.1775224723);11.4700730534;48.1775224723;4
303;4087012;26999;26999;LINESTRING(11.6733602055 48.1371637049,11.6733602055 48.1371637049);11.6733602055;48.1371637049;3
304;4009011;25987;25987;LINESTRING(11.5403516269 48.1830663783,11.5403516269 48.1830663783);11.5403516269;48.1830663783;74
305;4168011;414;414;LINESTRING(11.4661023576 48.1486424802,11.4661023576 48.1486424802);11.4661023576;48.1486424802;20
306;10285023;14259;14259;LINESTRING(11.6155132366 48.153887027,11.6155132366 48.153887027);11.6155132366;48.153887027;19
307;4133021;8774;8774;LINESTRING(11.5962209137 48.1420493834,11.5962209137 48.1420493834);11.5962209137;48.1420493834;22
308;4100021;28357;28357;LINESTRING(11.6152263039 48.1295803218,11.6152263039 48.1295803218);11.6152263039;48.1295803218;59
309;10518009;12883;12883;LINESTRING(11.5816128657 48.1171281105,11.5816128657 48.1171281105);11.5816128657;48.1171281105;29
310;4140022;9028;9028;LINESTRING(11.5726516054 48.1072715454,11.5726516054 48.1072715454);11.5726516054;48.1072715454;6
311;4111014;30329;30329;LINESTRING(11.549357621 48.1907965022,11.549357621 48.1907965022);11.549357621;48.1907965022;33
312;4025011;33690;33690;LINESTRING(11.5393046089 48.0917992589,11.5393046089 48.0917992589);11.5393046089;48.0917992589;22
313;10560008;14274;14274;LINESTRING(11.6303612209 48.1535072811,11.6303612209 48.1535072811);11.6303612209;48.1535072811;2
314;10253008;14828;14828;LINESTRING(11.6178975514 48.1158916782,11.6178975514 48.1158916782);11.6178975514;48.1158916782;21
315;4037012;25321;25321;LINESTRING(11.5866416605 48.177413512,11.5866416605 48.177413512);11.5866416605;48.177413512;2
316;11152003;22298;22298;LINESTRING(11.4678602745 48.1403437297,11.4678602745 48.1403437297);11.4678602745;48.1403437297;7
317;11273006;7077;7077;LINESTRING(11.5575398412 48.1615066521,11.5575398412 48.1615066521);11.5575398412;48.1615066521;16
318;10199001;30308;30308;LINESTRING(11.6015887525 48.1154408964,11.6015887525 48.1154408964);11.6015887525;48.1154408964;9
319;4072011;1754;1754;LINESTRING(11.6859606796 48.1421719569,11.6859606796 48.1421719569);11.6859606796;48.1421719569;11
320;4119014;10654;10654;LINESTRING(11.5840632378 48.1564067753,11.5840632378 48.1564067753);11.5840632378;48.1564067753;80
321;4157023;7327;7327;LINESTRING(11.5713115082 48.1108110576,11.5713115082 48.1108110576);11.5713115082;48.1108110576;4
322;4006011;2679;2679;LINESTRING(11.5704485297 48.1873731022,11.5704485297 48.1873731022);11.5704485297;48.1873731022;47
323;10075005;3433;3433;LINESTRING(11.5628996798 48.1444251175,11.5628996798 48.1444251175);11.5628996798;48.1444251175;2
324;10838002;18792;18792;LINESTRING(11.5082907218 48.1710471187,11.5082907218 48.1710471187);11.5082907218;48.1710471187;6
325;4014014;6503;6503;LINESTRING(11.5374201406 48.1596823734,11.5374201406 48.1596823734);11.5374201406;48.1596823734;19
326;10743003;26940;26940;LINESTRING(11.6466020617 48.0969085162,11.6466020617 48.0969085162);11.6466020617;48.0969085162;10
327;10597001;28326;28326;LINESTRING(11.5885576672 48.1411688024,11.5885576672 48.1411688024);11.5885576672;48.1411688024;3
328;4099011;1595;1595;LINESTRING(11.5924177758 48.1422732165,11.5924177758 48.1422732165);11.5924177758;48.1422732165;21
329;4108011;3001;3001;LINESTRING(11.6243087173 48.1957973879,11.6243087173 48.1957973879);11.6243087173;48.1957973879;7
330;11338010;15527;15527;LINESTRING(11.532782594 48.2088140844,11.532782594 48.2088140844);11.532782594;48.2088140844;12
331;4173013;19328;19328;LINESTRING(11.5872936122 48.2115778276,11.5872936122 48.2115778276);11.5872936122;48.2115778276;4
332;10534008;26777;26777;LINESTRING(11.5216883632 48.0904830637,11.5216883632 48.0904830637);11.5216883632;48.0904830637;5
333;4147011;325;325;LINESTRING(11.5658619436 48.1128394996,11.5658619436 48.1128394996);11.5658619436;48.1128394996;11
334;4009012;25987;25987;LINESTRING(11.5403767266 48.1831466767,11.5403767266 48.1831466767);11.5403767266;48.1831466767;32
335;4013021;7009;7009;LINESTRING(11.5369658695 48.14920621,11.5369658695 48.14920621);11.5369658695;48.14920621;28
336;10011007;10670;10670;LINESTRING(11.5846447184 48.1576494431,11.5846447184 48.1576494431);11.5846447184;48.1576494431;36
337;10062007;18712;18712;LINESTRING(11.6156938777 48.1901893467,11.6156938777 48.1901893467);11.6156938777;48.1901893467;10
338;10416010;28619;28619;LINESTRING(11.5728290848 48.1774873654,11.5728290848 48.1774873654);11.5728290848;48.1774873654;12
339;4027011;781;781;LINESTRING(11.5384883528 48.1713969086,11.5384883528 48.1713969086);11.5384883528;48.1713969086;10
340;4138014;30542;30542;LINESTRING(11.5014202476 48.1031197666,11.5014202476 48.1031197666);11.5014202476;48.1031197666;6
341;11122004;790;790;LINESTRING(11.4576028712 48.1950789267,11.4576028712 48.1950789267);11.4576028712;48.1950789267;1
342;10597002;12478;12478;LINESTRING(11.5890701508 48.1410962382,11.5890701508 48.1410962382);11.5890701508;48.1410962382;7
343;10204005;25536;25536;LINESTRING(11.5738682959 48.1326512795,11.5738682959 48.1326512795);11.5738682959;48.1326512795;6
344;4168021;414;414;LINESTRING(11.4661114156 48.1486672131,11.4661114156 48.1486672131);11.4661114156;48.1486672131;20
345;10933006;14282;14282;LINESTRING(11.4879628908 48.179520086,11.4879628908 48.179520086);11.4879628908;48.179520086;10
346;10460005;28166;28166;LINESTRING(11.5263519427 48.0778914021,11.5263519427 48.0778914021);11.5263519427;48.0778914021;11
347;10560009;14274;14274;LINESTRING(11.6303604987 48.1535073131,11.6303604987 48.1535073131);11.6303604987;48.1535073131;11
348;10280029;14935;14935;LINESTRING(11.6132097079 48.1243518658,11.6132097079 48.1243518658);11.6132097079;48.1243518658;5
349;11178008;1150;1150;LINESTRING(11.5985822285 48.1357207578,11.5985822285 48.1357207578);11.5985822285;48.1357207578;12
350;4147012;325;325;LINESTRING(11.5658570889 48.112840069,11.5658570889 48.112840069);11.5658570889;48.112840069;33
351;10531001;13240;13240;LINESTRING(11.58695897 48.1230478254,11.58695897 48.1230478254);11.58695897;48.1230478254;13
352;10275006;4800;4800;LINESTRING(11.5528483725 48.1618493527,11.5528483725 48.1618493527);11.5528483725;48.1618493527;19
353;10070007;2211;2211;LINESTRING(11.579557078 48.1290584526,11.579557078 48.1290584526);11.579557078;48.1290584526;10
354;4150012;1541;1541;LINESTRING(11.5948282023 48.1746418391,11.5948282023 48.1746418391);11.5948282023;48.1746418391;4
355;10285010;3320;3320;LINESTRING(11.6160088798 48.154478803,11.6160088798 48.154478803);11.6160088798;48.154478803;3
356;4158011;29493;29493;LINESTRING(11.5368365834 48.1529270132,11.5368365834 48.1529270132);11.5368365834;48.1529270132;21
357;10416011;7101;7101;LINESTRING(11.5721889323 48.1778540211,11.5721889323 48.1778540211);11.5721889323;48.1778540211;36
358;14043050;29441;29441;LINESTRING(11.6260814563 48.2212084406,11.6260814563 48.2212084406);11.6260814563;48.2212084406;1
359;10534009;26777;26777;LINESTRING(11.5217418766 48.0904828091,11.5217418766 48.0904828091);11.5217418766;48.0904828091;5
360;4006012;2679;2679;LINESTRING(11.5704180347 48.1873720915,11.5704180347 48.1873720915);11.5704180347;48.1873720915;50
361;4153021;28448;28448;LINESTRING(11.4565502443 48.1518000794,11.4565502443 48.1518000794);11.4565502443;48.1518000794;21
362;4072012;1754;1754;LINESTRING(11.6859658188 48.1421645427,11.6859658188 48.1421645427);11.6859658188;48.1421645427;16
363;11028002;2621;2621;LINESTRING(11.5812131243 48.167141554,11.5812131243 48.167141554);11.5812131243;48.167141554;2
364;4049012;1766;1766;LINESTRING(11.6881105763 48.1383037497,11.6881105763 48.1383037497);11.6881105763;48.1383037497;2
365;10743004;7952;7952;LINESTRING(11.6471890209 48.0962142734,11.6471890209 48.0962142734);11.6471890209;48.0962142734;15
366;10280030;8082;8082;LINESTRING(11.6125776321 48.1247076892,11.6125776321 48.1247076892);11.6125776321;48.1247076892;5
367;4108012;3001;3001;LINESTRING(11.6243163969 48.1958088775,11.6243163969 48.1958088775);11.6243163969;48.1958088775;5
368;4161022;28603;28603;LINESTRING(11.6149268176 48.1292085804,11.6149268176 48.1292085804);11.6149268176;48.1292085804;2
369;10866004;12858;12858;LINESTRING(11.5904838569 48.1237515094,11.5904838569 48.1237515094);11.5904838569;48.1237515094;6
370;4138021;30545;30545;LINESTRING(11.5027808257 48.1036387087,11.5027808257 48.1036387087);11.5027808257;48.1036387087;12
371;10248002;33886;33886;LINESTRING(11.4660167636 48.1461612978,11.4660167636 48.1461612978);11.4660167636;48.1461612978;30
372;10416012;7099;7099;LINESTRING(11.5721868951 48.1778640726,11.5721868951 48.1778640726);11.5721868951;48.1778640726;44
373;4088011;26999;26999;LINESTRING(11.6726213307 48.1371810212,11.6726213307 48.1371810212);11.6726213307;48.1371810212;16
374;4014015;6503;6503;LINESTRING(11.537420292 48.1596843783,11.537420292 48.1596843783);11.537420292;48.1596843783;84
375;10460006;33623;33623;LINESTRING(11.5261981227 48.0776886871,11.5261981227 48.0776886871);11.5261981227;48.0776886871;3
376;10075006;2515;2515;LINESTRING(11.5632908007 48.1440284106,11.5632908007 48.1440284106);11.5632908007;48.1440284106;14
377;4099012;1595;1595;LINESTRING(11.5924220987 48.1422722708,11.5924220987 48.1422722708);11.5924220987;48.1422722708;55
378;4103012;1553;1553;LINESTRING(11.615822549 48.1509139371,11.615822549 48.1509139371);11.615822549;48.1509139371;96
379;4158012;29493;29493;LINESTRING(11.5368377283 48.1529449398,11.5368377283 48.1529449398);11.5368377283;48.1529449398;39
380;4013022;7009;7009;LINESTRING(11.5369654231 48.1492013023,11.5369654231 48.1492013023);11.5369654231;48.1492013023;27
381;4133022;8774;8774;LINESTRING(11.5962346511 48.1420779626,11.5962346511 48.1420779626);11.5962346511;48.1420779626;25
382;4027012;781;781;LINESTRING(11.5384904649 48.1714054569,11.5384904649 48.1714054569);11.5384904649;48.1714054569;79
383;10199002;30308;30308;LINESTRING(11.6015770613 48.1154368623,11.6015770613 48.1154368623);11.6015770613;48.1154368623;7
384;10204006;35198;35198;LINESTRING(11.5738759934 48.1331937959,11.5738759934 48.1331937959);11.5738759934;48.1331937959;2
385;11056006;4762;4762;LINESTRING(11.5644829143 48.1649592834,11.5644829143 48.1649592834);11.5644829143;48.1649592834;24
386;10287008;3478;3478;LINESTRING(11.6216737751 48.1260975055,11.6216737751 48.1260975055);11.6216737751;48.1260975055;20
387;11032004;25410;25410;LINESTRING(11.6127794156 48.1549109496,11.6127794156 48.1549109496);11.6127794156;48.1549109496;6
388;4014016;6503;6503;LINESTRING(11.5374204488 48.1596864549,11.5374204488 48.1596864549);11.5374204488;48.1596864549;31
389;10070008;2211;2211;LINESTRING(11.5795467193 48.1290673356,11.5795467193 48.1290673356);11.5795467193;48.1290673356;4
390;4153011;34096;34096;LINESTRING(11.4564017604 48.1518399639,11.4564017604 48.1518399639);11.4564017604;48.1518399639;9
391;4037013;25321;25321;LINESTRING(11.586640283 48.1774136803,11.586640283 48.1774136803);11.586640283;48.1774136803;1
392;10560001;1917;1917;LINESTRING(11.6286314011 48.1534450224,11.6286314011 48.1534450224);11.6286314011;48.1534450224;6
393;4131022;8826;8826;LINESTRING(11.6409483157 48.1059337054,11.6409483157 48.1059337054);11.6409483157;48.1059337054;5
394;4150021;7900;7900;LINESTRING(11.595049915 48.1748150575,11.595049915 48.1748150575);11.595049915;48.1748150575;41
395;11186001;17023;17023;LINESTRING(11.5988842006 48.1821380861,11.5988842006 48.1821380861);11.5988842006;48.1821380861;5
396;10493001;434;434;LINESTRING(11.4935296018 48.1658990167,11.4935296018 48.1658990167);11.4935296018;48.1658990167;24
397;10199028;6960;6960;LINESTRING(11.60159386 48.1155481333,11.60159386 48.1155481333);11.60159386;48.1155481333;14
398;10275007;4800;4800;LINESTRING(11.5528519115 48.1619877134,11.5528519115 48.1619877134);11.5528519115;48.1619877134;6
399;10285001;7236;7236;LINESTRING(11.6156050109 48.1534817241,11.6156050109 48.1534817241);11.6156050109;48.1534817241;15
400;4161023;28603;28603;LINESTRING(11.6149265098 48.129208119,11.6149265098 48.129208119);11.6149265098;48.129208119;22
401;4138023;30504;30504;LINESTRING(11.5016290197 48.1033436292,11.5016290197 48.1033436292);11.5016290197;48.1033436292;21
402;14043052;29440;29440;LINESTRING(11.6261562481 48.2213555439,11.6261562481 48.2213555439);11.6261562481;48.2213555439;2
403;4089011;5283;5283;LINESTRING(11.6733973766 48.1386876405,11.6733973766 48.1386876405);11.6733973766;48.1386876405;13
404;14043001;25100;25100;LINESTRING(11.6182333257 48.2075896459,11.6182333257 48.2075896459);11.6182333257;48.2075896459;8
405;4075011;20083;20083;LINESTRING(11.6861473602 48.1410997519,11.6861473602 48.1410997519);11.6861473602;48.1410997519;13
406;11032006;25410;25410;LINESTRING(11.6127794156 48.1549109496,11.6127794156 48.1549109496);11.6127794156;48.1549109496;8
407;10070009;2211;2211;LINESTRING(11.5794385696 48.1291584539,11.5794385696 48.1291584539);11.5794385696;48.1291584539;4
408;10560010;14274;14274;LINESTRING(11.6298409825 48.1535303427,11.6298409825 48.1535303427);11.6298409825;48.1535303427;3
409;10866005;13232;13232;LINESTRING(11.5900256811 48.1240272117,11.5900256811 48.1240272117);11.5900256811;48.1240272117;4
410;10199003;30308;30308;LINESTRING(11.6017043941 48.1154892832,11.6017043941 48.1154892832);11.6017043941;48.1154892832;2
411;4112011;15234;15234;LINESTRING(11.5425324 48.2010752,11.5425324 48.2010752);11.5425324;48.2010752;15
412;10062008;18712;18712;LINESTRING(11.6156853816 48.190184847,11.6156853816 48.190184847);11.6156853816;48.190184847;17
413;4150022;7900;7900;LINESTRING(11.5950017433 48.174839546,11.5950017433 48.174839546);11.5950017433;48.174839546;10
414;4173021;7451;7451;LINESTRING(11.5874985291 48.2115634942,11.5874985291 48.2115634942);11.5874985291;48.2115634942;15
415;4132011;3157;3157;LINESTRING(11.5433505771 48.1760595383,11.5433505771 48.1760595383);11.5433505771;48.1760595383;54
416;4006021;3758;3758;LINESTRING(11.5703003678 48.1874672209,11.5703003678 48.1874672209);11.5703003678;48.1874672209;74
417;10079001;2162;2162;LINESTRING(11.5995848413 48.1408130473,11.5995848413 48.1408130473);11.5995848413;48.1408130473;31
418;10248004;22346;22346;LINESTRING(11.4651175022 48.1458450399,11.4651175022 48.1458450399);11.4651175022;48.1458450399;15
419;10011008;10670;10670;LINESTRING(11.5846474424 48.1576559167,11.5846474424 48.1576559167);11.5846474424;48.1576559167;37
420;4153022;28448;28448;LINESTRING(11.4565495268 48.1517985586,11.4565495268 48.1517985586);11.4565495268;48.1517985586;23
421;4153012;34096;34096;LINESTRING(11.4564049726 48.151846412,11.4564049726 48.151846412);11.4564049726;48.151846412;18
422;10604001;968;968;LINESTRING(11.5447176239 48.1504019496,11.5447176239 48.1504019496);11.5447176239;48.1504019496;9
423;10199029;6959;6959;LINESTRING(11.6019000799 48.1162034823,11.6019000799 48.1162034823);11.6019000799;48.1162034823;7
424;4158022;34319;34319;LINESTRING(11.5371788987 48.1529105825,11.5371788987 48.1529105825);11.5371788987;48.1529105825;20
425;10287009;3479;3479;LINESTRING(11.6214583254 48.1265073602,11.6214583254 48.1265073602);11.6214583254;48.1265073602;1
426;10493002;434;434;LINESTRING(11.4935290954 48.16589901,11.4935290954 48.16589901);11.4935290954;48.16589901;18
427;4128011;304;304;LINESTRING(11.4217265456 48.1425577295,11.4217265456 48.1425577295);11.4217265456;48.1425577295;19
428;4019011;29732;29732;LINESTRING(11.6047920477 48.2006133906,11.6047920477 48.2006133906);11.6047920477;48.2006133906;8
429;4173022;7451;7451;LINESTRING(11.5874990572 48.2115662056,11.5874990572 48.2115662056);11.5874990572;48.2115662056;27
430;4170011;2783;2783;LINESTRING(11.6241750348 48.1850704642,11.6241750348 48.1850704642);11.6241750348;48.1850704642;4
431;10416013;7099;7099;LINESTRING(11.572286938 48.1778696451,11.572286938 48.1778696451);11.572286938;48.1778696451;28
432;4099013;1595;1595;LINESTRING(11.5924238051 48.1422718976,11.5924238051 48.1422718976);11.5924238051;48.1422718976;26
433;10075001;34161;34161;LINESTRING(11.5625465195 48.1438796869,11.5625465195 48.1438796869);11.5625465195;48.1438796869;12
434;10933007;14282;14282;LINESTRING(11.487967484 48.1795203624,11.487967484 48.1795203624);11.487967484;48.1795203624;10
435;10199004;6959;6959;LINESTRING(11.601888504 48.1162253641,11.601888504 48.1162253641);11.601888504;48.1162253641;2
436;4009021;10359;10359;LINESTRING(11.5405385367 48.1831183883,11.5405385367 48.1831183883);11.5405385367;48.1831183883;71
437;11273009;33725;33725;LINESTRING(11.5567860044 48.1615154651,11.5567860044 48.1615154651);11.5567860044;48.1615154651;2
438;4138024;30505;30505;LINESTRING(11.5015799187 48.1033166949,11.5015799187 48.1033166949);11.5015799187;48.1033166949;9
439;10275008;4800;4800;LINESTRING(11.5528488174 48.1618667467,11.5528488174 48.1618667467);11.5528488174;48.1618667467;3
440;10417006;30105;30105;LINESTRING(11.4940379285 48.1123506181,11.4940379285 48.1123506181);11.4940379285;48.1123506181;12
441;10285002;7236;7236;LINESTRING(11.6155975392 48.1534701562,11.6155975392 48.1534701562);11.6155975392;48.1534701562;23
442;10743005;20540;20540;LINESTRING(11.6463411261 48.0959982994,11.6463411261 48.0959982994);11.6463411261;48.0959982994;1
443;11033001;3547;3547;LINESTRING(11.5165670811 48.1675746754,11.5165670811 48.1675746754);11.5165670811;48.1675746754;2
444;10885005;679;679;LINESTRING(11.5302363372 48.1403633471,11.5302363372 48.1403633471);11.5302363372;48.1403633471;5
445;10128002;4462;4462;LINESTRING(11.5886974804 48.1246820433,11.5886974804 48.1246820433);11.5886974804;48.1246820433;1
446;4141011;4258;4258;LINESTRING(11.6258897187 48.1292279705,11.6258897187 48.1292279705);11.6258897187;48.1292279705;29
447;4153023;28448;28448;LINESTRING(11.4565326913 48.1517628759,11.4565326913 48.1517628759);11.4565326913;48.1517628759;12
448;4147013;324;324;LINESTRING(11.5659132372 48.1129140399,11.5659132372 48.1129140399);11.5659132372;48.1129140399;99
449;10253009;3955;3955;LINESTRING(11.6181591317 48.1152609946,11.6181591317 48.1152609946);11.6181591317;48.1152609946;5
450;11178010;5381;5381;LINESTRING(11.5978057992 48.1351959847,11.5978057992 48.1351959847);11.5978057992;48.1351959847;10
451;10560002;1917;1917;LINESTRING(11.6285659436 48.1534488519,11.6285659436 48.1534488519);11.6285659436;48.1534488519;13
452;10493003;9540;9540;LINESTRING(11.4927058751 48.1655235701,11.4927058751 48.1655235701);11.4927058751;48.1655235701;4
453;4013023;6508;6508;LINESTRING(11.5368328749 48.1492125711,11.5368328749 48.1492125711);11.5368328749;48.1492125711;100
454;4033011;1568;1568;LINESTRING(11.6182067226 48.1380882056,11.6182067226 48.1380882056);11.6182067226;48.1380882056;9
455;4132012;3157;3157;LINESTRING(11.543340609 48.1760568352,11.543340609 48.1760568352);11.543340609;48.1760568352;52
456;11039002;27841;27841;LINESTRING(11.4570067401 48.2037231041,11.4570067401 48.2037231041);11.4570067401;48.2037231041;14
457;11122005;792;792;LINESTRING(11.4580438562 48.1955630389,11.4580438562 48.1955630389);11.4580438562;48.1955630389;2
458;4039011;5607;5607;LINESTRING(11.5834366259 48.177658105,11.5834366259 48.177658105);11.5834366259;48.177658105;1
459;4165021;31901;31901;LINESTRING(11.5778579881 48.1267235571,11.5778579881 48.1267235571);11.5778579881;48.1267235571;12
460;4112012;15234;15234;LINESTRING(11.5425265148 48.2010794924,11.5425265148 48.2010794924);11.5425265148;48.2010794924;22
461;10416014;7100;7100;LINESTRING(11.5736928252 48.1781227493,11.5736928252 48.1781227493);11.5736928252;48.1781227493;2
462;10531002;13240;13240;LINESTRING(11.5873336327 48.1235643453,11.5873336327 48.1235643453);11.5873336327;48.1235643453;7
463;10204007;35198;35198;LINESTRING(11.5739829922 48.1331192505,11.5739829922 48.1331192505);11.5739829922;48.1331192505;1
464;4108022;3001;3001;LINESTRING(11.6246444127 48.1963005482,11.6246444127 48.1963005482);11.6246444127;48.1963005482;7
465;10079002;2162;2162;LINESTRING(11.5995934342 48.1408113207,11.5995934342 48.1408113207);11.5995934342;48.1408113207;43
466;10743006;20540;20540;LINESTRING(11.6463358518 48.0959894904,11.6463358518 48.0959894904);11.6463358518;48.0959894904;6
467;10560003;1917;1917;LINESTRING(11.6290829727 48.1534186035,11.6290829727 48.1534186035);11.6290829727;48.1534186035;6
468;10997001;9980;9980;LINESTRING(11.4581794748 48.2065102498,11.4581794748 48.2065102498);11.4581794748;48.2065102498;9
469;4134011;2223;2223;LINESTRING(11.5689402 48.1218902,11.5689402 48.1218902);11.5689402;48.1218902;39
470;11273010;4738;4738;LINESTRING(11.5570577809 48.1613452516,11.5570577809 48.1613452516);11.5570577809;48.1613452516;11
471;4033012;1568;1568;LINESTRING(11.6182069048 48.1380882038,11.6182069048 48.1380882038);11.6182069048;48.1380882038;18
472;10287010;3474;3474;LINESTRING(11.6218550333 48.1268652982,11.6218550333 48.1268652982);11.6218550333;48.1268652982;17
473;10199030;6959;6959;LINESTRING(11.601897303 48.1162087315,11.601897303 48.1162087315);11.601897303;48.1162087315;2
474;4158023;34319;34319;LINESTRING(11.5371796108 48.1529241522,11.5371796108 48.1529241522);11.5371796108;48.1529241522;18
475;11056007;2606;2606;LINESTRING(11.5645283671 48.1645169473,11.5645283671 48.1645169473);11.5645283671;48.1645169473;3
476;10417001;20825;20825;LINESTRING(11.4953264899 48.1122602666,11.4953264899 48.1122602666);11.4953264899;48.1122602666;15
477;10253010;3955;3955;LINESTRING(11.6181513606 48.115262754,11.6181513606 48.115262754);11.6181513606;48.115262754;7
478;10915001;9265;9265;LINESTRING(11.640983103 48.0978755358,11.640983103 48.0978755358);11.640983103;48.0978755358;17
479;4100022;7194;7194;LINESTRING(11.6152621141 48.1295965792,11.6152621141 48.1295965792);11.6152621141;48.1295965792;32
480;10285011;25691;25691;LINESTRING(11.6165502221 48.1539718534,11.6165502221 48.1539718534);11.6165502221;48.1539718534;12
481;4051011;5439;5439;LINESTRING(11.7079746474 48.1380691509,11.7079746474 48.1380691509);11.7079746474;48.1380691509;5
482;10560011;14274;14274;LINESTRING(11.6301557529 48.1535163893,11.6301557529 48.1535163893);11.6301557529;48.1535163893;2
483;10275009;26104;26104;LINESTRING(11.5537832797 48.1615482314,11.5537832797 48.1615482314);11.5537832797;48.1615482314;11
484;4141012;4258;4258;LINESTRING(11.6259025117 48.1292260763,11.6259025117 48.1292260763);11.6259025117;48.1292260763;29
485;10199006;30472;30472;LINESTRING(11.6027148102 48.1160616956,11.6027148102 48.1160616956);11.6027148102;48.1160616956;6
486;10632001;22991;22991;LINESTRING(11.4525487544 48.1441232174,11.4525487544 48.1441232174);11.4525487544;48.1441232174;2
487;10062009;2994;2994;LINESTRING(11.6159985256 48.1903228077,11.6159985256 48.1903228077);11.6159985256;48.1903228077;20
488;10743007;20540;20540;LINESTRING(11.6463809038 48.0960647356,11.6463809038 48.0960647356);11.6463809038;48.0960647356;7
489;4147014;324;324;LINESTRING(11.565898025 48.1129155333,11.565898025 48.1129155333);11.565898025;48.1129155333;26
490;10128004;4459;4459;LINESTRING(11.5886647241 48.1250903238,11.5886647241 48.1250903238);11.5886647241;48.1250903238;14
491;10493004;9541;9541;LINESTRING(11.492522464 48.166094553,11.492522464 48.166094553);11.492522464;48.166094553;5
492;4128021;304;304;LINESTRING(11.4217162722 48.142556261,11.4217162722 48.142556261);11.4217162722;48.142556261;27
493;4139011;7346;7346;LINESTRING(11.5397022072 48.114980659,11.5397022072 48.114980659);11.5397022072;48.114980659;33
494;4009022;10359;10359;LINESTRING(11.5405162112 48.1830470911,11.5405162112 48.1830470911);11.5405162112;48.1830470911;26
495;14043005;19259;19259;LINESTRING(11.6199111136 48.2094004173,11.6199111136 48.2094004173);11.6199111136;48.2094004173;1
496;4006022;3758;3758;LINESTRING(11.5704054104 48.1874707209,11.5704054104 48.1874707209);11.5704054104;48.1874707209;77
497;11178012;5381;5381;LINESTRING(11.5978030383 48.1351882544,11.5978030383 48.1351882544);11.5978030383;48.1351882544;18
498;4150023;7899;7899;LINESTRING(11.5949417592 48.1747771426,11.5949417592 48.1747771426);11.5949417592;48.1747771426;11
499;4091011;29580;29580;LINESTRING(11.6725146958 48.1396924132,11.6725146958 48.1396924132);11.6725146958;48.1396924132;21
500;10248005;34989;34989;LINESTRING(11.4645276346 48.146266368,11.4645276346 48.146266368);11.4645276346;48.146266368;13
501;4035011;1535;1535;LINESTRING(11.5741959028 48.1779466182,11.5741959028 48.1779466182);11.5741959028;48.1779466182;1
502;10199031;7393;7393;LINESTRING(11.6026990026 48.1159662325,11.6026990026 48.1159662325);11.6026990026;48.1159662325;9
503;10560004;1917;1917;LINESTRING(11.6287684441 48.1534370048,11.6287684441 48.1534370048);11.6287684441;48.1534370048;6
504;10062010;2996;2996;LINESTRING(11.6161805766 48.1905477657,11.6161805766 48.1905477657);11.6161805766;48.1905477657;2
505;4041011;7100;7100;LINESTRING(11.5745441898 48.1781234495,11.5745441898 48.1781234495);11.5745441898;48.1781234495;2
506;4100031;7378;7378;LINESTRING(11.6150560977 48.129651821,11.6150560977 48.129651821);11.6150560977;48.129651821;32
507;10220001;11526;11526;LINESTRING(11.5551072898 48.1495270242,11.5551072898 48.1495270242);11.5551072898;48.1495270242;41
508;10560013;14279;14279;LINESTRING(11.6293079819 48.1529638468,11.6293079819 48.1529638468);11.6293079819;48.1529638468;9
509;10493005;434;434;LINESTRING(11.4944386802 48.1657535862,11.4944386802 48.1657535862);11.4944386802;48.1657535862;25
510;11306009;41;41;LINESTRING(11.4164096601 48.1562810333,11.4164096601 48.1562810333);11.4164096601;48.1562810333;21
511;4153013;34096;34096;LINESTRING(11.4564106496 48.1518578082,11.4564106496 48.1518578082);11.4564106496;48.1518578082;13
512;10079003;11594;11594;LINESTRING(11.6001781052 48.1408224773,11.6001781052 48.1408224773);11.6001781052;48.1408224773;4
513;4170021;2783;2783;LINESTRING(11.6241915357 48.1850634631,11.6241915357 48.1850634631);11.6241915357;48.1850634631;1
514;11140001;9164;9164;LINESTRING(11.5606665832 48.1534352332,11.5606665832 48.1534352332);11.5606665832;48.1534352332;6
515;11056008;2610;2610;LINESTRING(11.5649349763 48.164453037,11.5649349763 48.164453037);11.5649349763;48.164453037;3
516;10011009;10670;10670;LINESTRING(11.5845926362 48.1575325003,11.5845926362 48.1575325003);11.5845926362;48.1575325003;6
517;11186002;17021;17021;LINESTRING(11.5985156433 48.1820364646,11.5985156433 48.1820364646);11.5985156433;48.1820364646;5
518;10915002;9265;9265;LINESTRING(11.6399425928 48.0981348497,11.6399425928 48.0981348497);11.6399425928;48.0981348497;24
519;4115011;17807;17807;LINESTRING(11.5935991254 48.1696736825,11.5935991254 48.1696736825);11.5935991254;48.1696736825;8
520;4158024;34319;34319;LINESTRING(11.5371794903 48.1529218562,11.5371794903 48.1529218562);11.5371794903;48.1529218562;10
521;10128005;4460;4460;LINESTRING(11.5893471565 48.1250070941,11.5893471565 48.1250070941);11.5893471565;48.1250070941;4
522;4012011;1326;1326;LINESTRING(11.5245191973 48.1279232108,11.5245191973 48.1279232108);11.5245191973;48.1279232108;20
523;10310005;5856;5856;LINESTRING(11.5763824683 48.1342965934,11.5763824683 48.1342965934);11.5763824683;48.1342965934;3
524;4019012;29732;29732;LINESTRING(11.6047995812 48.2006125821,11.6047995812 48.2006125821);11.6047995812;48.2006125821;5
525;14043056;25149;25149;LINESTRING(11.6232671114 48.2229400284,11.6232671114 48.2229400284);11.6232671114;48.2229400284;1
526;4141022;1210;1210;LINESTRING(11.6259287789 48.1293392424,11.6259287789 48.1293392424);11.6259287789;48.1293392424;37
527;10534002;33043;33043;LINESTRING(11.5209261085 48.0899993667,11.5209261085 48.0899993667);11.5209261085;48.0899993667;62
528;4173023;7451;7451;LINESTRING(11.5874984512 48.2115630942,11.5874984512 48.2115630942);11.5874984512;48.2115630942;12
529;4051012;5439;5439;LINESTRING(11.7079746474 48.1380691509,11.7079746474 48.1380691509);11.7079746474;48.1380691509;3
530;10275010;26106;26106;LINESTRING(11.5537442185 48.1615119743,11.5537442185 48.1615119743);11.5537442185;48.1615119743;19
531;4150024;7901;7901;LINESTRING(11.5948852315 48.1747064838,11.5948852315 48.1747064838);11.5948852315;48.1747064838;67
532;4110011;9185;9185;LINESTRING(11.480660684 48.1451446293,11.480660684 48.1451446293);11.480660684;48.1451446293;25
533;10997003;9981;9981;LINESTRING(11.4576788105 48.2058763597,11.4576788105 48.2058763597);11.4576788105;48.2058763597;11
534;10199032;7393;7393;LINESTRING(11.6026873278 48.1159618416,11.6026873278 48.1159618416);11.6026873278;48.1159618416;5
535;10275001;34853;34853;LINESTRING(11.5524177065 48.1613426289,11.5524177065 48.1613426289);11.5524177065;48.1613426289;12
536;4012012;1326;1326;LINESTRING(11.5245021604 48.1279127012,11.5245021604 48.1279127012);11.5245021604;48.1279127012;99
537;4147021;28551;28551;LINESTRING(11.5645479292 48.1131230933,11.5645479292 48.1131230933);11.5645479292;48.1131230933;39
538;10769002;3280;3280;LINESTRING(11.4568131482 48.1400456347,11.4568131482 48.1400456347);11.4568131482;48.1400456347;9
539;4013024;6508;6508;LINESTRING(11.5368348966 48.149237808,11.5368348966 48.149237808);11.5368348966;48.149237808;29
540;10011010;10670;10670;LINESTRING(11.584540889 48.1574224395,11.584540889 48.1574224395);11.584540889;48.1574224395;6
541;10933001;24788;24788;LINESTRING(11.4868947538 48.1792446954,11.4868947538 48.1792446954);11.4868947538;48.1792446954;11
542;4103013;28279;28279;LINESTRING(11.6158969887 48.1509447225,11.6158969887 48.1509447225);11.6158969887;48.1509447225;26
543;4139021;7346;7346;LINESTRING(11.5397099832 48.1149996248,11.5397099832 48.1149996248);11.5397099832;48.1149996248;16
544;4115012;17807;17807;LINESTRING(11.5935862295 48.1696614746,11.5935862295 48.1696614746);11.5935862295;48.1696614746;20
545;10079004;11594;11594;LINESTRING(11.6003579944 48.1410677696,11.6003579944 48.1410677696);11.6003579944;48.1410677696;12
546;11306010;39;39;LINESTRING(11.4159386301 48.1569468402,11.4159386301 48.1569468402);11.4159386301;48.1569468402;14
547;10220002;11526;11526;LINESTRING(11.5547659018 48.1496347699,11.5547659018 48.1496347699);11.5547659018;48.1496347699;7
548;4100032;7378;7378;LINESTRING(11.6150571919 48.1296421941,11.6150571919 48.1296421941);11.6150571919;48.1296421941;6
549;10534003;26734;26734;LINESTRING(11.5205757986 48.0905225712,11.5205757986 48.0905225712);11.5205757986;48.0905225712;1
550;4132013;29701;29701;LINESTRING(11.5433695959 48.1762294972,11.5433695959 48.1762294972);11.5433695959;48.1762294972;42
551;4171011;11081;11081;LINESTRING(11.5979146231 48.1494584918,11.5979146231 48.1494584918);11.5979146231;48.1494584918;10
552;11217001;27396;27396;LINESTRING(11.6066735828 48.1864760063,11.6066735828 48.1864760063);11.6066735828;48.1864760063;32
553;4154011;387;387;LINESTRING(11.4696418018 48.1148811469,11.4696418018 48.1148811469);11.4696418018;48.1148811469;9
554;10275011;26106;26106;LINESTRING(11.5535679214 48.1615129538,11.5535679214 48.1615129538);11.5535679214;48.1615129538;2
555;10933002;24788;24788;LINESTRING(11.4868873904 48.1792429017,11.4868873904 48.1792429017);11.4868873904;48.1792429017;5
556;4165022;31901;31901;LINESTRING(11.5778377194 48.1267393588,11.5778377194 48.1267393588);11.5778377194;48.1267393588;5
557;10248007;414;414;LINESTRING(11.4653672335 48.1465330623,11.4653672335 48.1465330623);11.4653672335;48.1465330623;5
558;4012013;1326;1326;LINESTRING(11.5244917087 48.1279062537,11.5244917087 48.1279062537);11.5244917087;48.1279062537;29
559;4007011;2664;2664;LINESTRING(11.5608250072 48.1866840738,11.5608250072 48.1866840738);11.5608250072;48.1866840738;46
560;10416001;16694;16694;LINESTRING(11.5731215799 48.1785241599,11.5731215799 48.1785241599);11.5731215799;48.1785241599;33
561;10560014;14279;14279;LINESTRING(11.6294379369 48.1532058047,11.6294379369 48.1532058047);11.6294379369;48.1532058047;3
562;10062011;2995;2995;LINESTRING(11.6171820599 48.1906053552,11.6171820599 48.1906053552);11.6171820599;48.1906053552;12
563;10285012;25691;25691;LINESTRING(11.6165441525 48.1539736098,11.6165441525 48.1539736098);11.6165441525;48.1539736098;8
564;4019013;34695;34695;LINESTRING(11.6048291295 48.2007091657,11.6048291295 48.2007091657);11.6048291295;48.2007091657;6
565;10079005;1591;1591;LINESTRING(11.6006879887 48.1405910574,11.6006879887 48.1405910574);11.6006879887;48.1405910574;14
566;10275002;34853;34853;LINESTRING(11.5524187282 48.1613426315,11.5524187282 48.1613426315);11.5524187282;48.1613426315;6
567;4044011;29583;29583;LINESTRING(11.6693918097 48.139808972,11.6693918097 48.139808972);11.6693918097;48.139808972;6
568;4144012;6738;6738;LINESTRING(11.5559491188 48.1407348472,11.5559491188 48.1407348472);11.5559491188;48.1407348472;32
569;4150025;7901;7901;LINESTRING(11.5948701204 48.174714106,11.5948701204 48.174714106);11.5948701204;48.174714106;29
570;10417007;30105;30105;LINESTRING(11.4940460586 48.1123488545,11.4940460586 48.1123488545);11.4940460586;48.1123488545;16
571;4012014;359;359;LINESTRING(11.524383536 48.1279982699,11.524383536 48.1279982699);11.524383536;48.1279982699;25
572;10997004;9981;9981;LINESTRING(11.4577711571 48.2060337223,11.4577711571 48.2060337223);11.4577711571;48.2060337223;13
573;4132014;29701;29701;LINESTRING(11.5433479764 48.1762296989,11.5433479764 48.1762296989);11.5433479764;48.1762296989;9
574;11217002;27396;27396;LINESTRING(11.6066704588 48.1864763555,11.6066704588 48.1864763555);11.6066704588;48.1864763555;12
575;4104011;28602;28602;LINESTRING(11.6147392737 48.1523554336,11.6147392737 48.1523554336);11.6147392737;48.1523554336;67
576;4101011;7263;7263;LINESTRING(11.6150777064 48.1367313155,11.6150777064 48.1367313155);11.6150777064;48.1367313155;88
577;10062012;2995;2995;LINESTRING(11.6171885692 48.1906066817,11.6171885692 48.1906066817);11.6171885692;48.1906066817;22
578;10011011;28010;28010;LINESTRING(11.584879287 48.1571662284,11.584879287 48.1571662284);11.584879287;48.1571662284;12
579;4007012;2664;2664;LINESTRING(11.5608278379 48.1866843088,11.5608278379 48.1866843088);11.5608278379;48.1866843088;59
580;4147022;28551;28551;LINESTRING(11.5645158012 48.1131225843,11.5645158012 48.1131225843);11.5645158012;48.1131225843;68
581;10275012;4741;4741;LINESTRING(11.5533723756 48.1610279525,11.5533723756 48.1610279525);11.5533723756;48.1610279525;3
582;4110012;9185;9185;LINESTRING(11.4806616929 48.1451445954,11.4806616929 48.1451445954);11.4806616929;48.1451445954;34
583;4129011;5535;5535;LINESTRING(11.7067697415 48.1118916715,11.7067697415 48.1118916715);11.7067697415;48.1118916715;16
584;10674001;19353;19353;LINESTRING(11.5567909433 48.116413274,11.5567909433 48.116413274);11.5567909433;48.116413274;1
585;10011001;10654;10654;LINESTRING(11.584267331 48.156840724,11.584267331 48.156840724);11.584267331;48.156840724;29
586;14043006;19259;19259;LINESTRING(11.6199202601 48.2094112515,11.6199202601 48.2094112515);11.6199202601;48.2094112515;2
587;10248008;414;414;LINESTRING(11.4653998312 48.1466264291,11.4653998312 48.1466264291);11.4653998312;48.1466264291;11
588;4118014;19624;19624;LINESTRING(11.4677726063 48.1775376462,11.4677726063 48.1775376462);11.4677726063;48.1775376462;9
589;11113001;2422;2422;LINESTRING(11.5474214099 48.1351708809,11.5474214099 48.1351708809);11.5474214099;48.1351708809;5
590;10582001;12657;12657;LINESTRING(11.5643465508 48.2011165904,11.5643465508 48.2011165904);11.5643465508;48.2011165904;23
591;4044012;29583;29583;LINESTRING(11.6693918097 48.139808972,11.6693918097 48.139808972);11.6693918097;48.139808972;18
592;11217005;34059;34059;LINESTRING(11.6051232633 48.1865373395,11.6051232633 48.1865373395);11.6051232633;48.1865373395;46
593;10079006;1591;1591;LINESTRING(11.6006805154 48.1405925659,11.6006805154 48.1405925659);11.6006805154;48.1405925659;33
594;4171012;11081;11081;LINESTRING(11.5979228013 48.1494547722,11.5979228013 48.1494547722);11.5979228013;48.1494547722;6
595;4019014;29732;29732;LINESTRING(11.6048108726 48.2006113704,11.6048108726 48.2006113704);11.6048108726;48.2006113704;11
596;4154021;387;387;LINESTRING(11.4696506896 48.1148819196,11.4696506896 48.1148819196);11.4696506896;48.1148819196;12
597;4144021;31711;31711;LINESTRING(11.5560662155 48.1407340878,11.5560662155 48.1407340878);11.5560662155;48.1407340878;20
598;4151011;3170;3170;LINESTRING(11.4841341222 48.1639469363,11.4841341222 48.1639469363);11.4841341222;48.1639469363;15
599;10674002;19353;19353;LINESTRING(11.5569167342 48.1165731831,11.5569167342 48.1165731831);11.5569167342;48.1165731831;12
600;4054011;22781;22781;LINESTRING(11.7057344116 48.1383549698,11.7057344116 48.1383549698);11.7057344116;48.1383549698;6
601;4007013;28675;28675;LINESTRING(11.560803647 48.1867878538,11.560803647 48.1867878538);11.560803647;48.1867878538;42
602;10275029;26106;26106;LINESTRING(11.5534613674 48.1615135457,11.5534613674 48.1615135457);11.5534613674;48.1615135457;2
603;10285019;7236;7236;LINESTRING(11.6151191974 48.1528771001,11.6151191974 48.1528771001);11.6151191974;48.1528771001;32
604;10997005;9982;9982;LINESTRING(11.4576384429 48.2062222359,11.4576384429 48.2062222359);11.4576384429;48.2062222359;1
605;4147023;33702;33702;LINESTRING(11.5645264546 48.1130715158,11.5645264546 48.1130715158);11.5645264546;48.1130715158;33
606;4129012;3989;3989;LINESTRING(11.7067882894 48.1119966863,11.7067882894 48.1119966863);11.7067882894;48.1119966863;12
607;10442001;26336;26336;LINESTRING(11.5391956737 48.1305815937,11.5391956737 48.1305815937);11.5391956737;48.1305815937;9
608;10416002;16694;16694;LINESTRING(11.5731228155 48.1785281769,11.5731228155 48.1785281769);11.5731228155;48.1785281769;9
609;11217006;34059;34059;LINESTRING(11.6051274494 48.1865368743,11.6051274494 48.1865368743);11.6051274494;48.1865368743;64
610;10275003;34853;34853;LINESTRING(11.5525504025 48.1613429672,11.5525504025 48.1613429672);11.5525504025;48.1613429672;9
611;14043007;19258;19258;LINESTRING(11.6202773033 48.2101937802,11.6202773033 48.2101937802);11.6202773033;48.2101937802;3
612;10248009;414;414;LINESTRING(11.4654021197 48.146632984,11.4654021197 48.146632984);11.4654021197;48.146632984;14
613;4110021;9185;9185;LINESTRING(11.4806614213 48.1451446046,11.4806614213 48.1451446046);11.4806614213;48.1451446046;45
614;4104012;28602;28602;LINESTRING(11.614729885 48.1523618188,11.614729885 48.1523618188);11.614729885;48.1523618188;46
615;11113002;2422;2422;LINESTRING(11.5474460155 48.1352045292,11.5474460155 48.1352045292);11.5474460155;48.1352045292;3
616;4101012;7188;7188;LINESTRING(11.6150081941 48.1366813729,11.6150081941 48.1366813729);11.6150081941;48.1366813729;26
617;4045011;2065;2065;LINESTRING(11.6782342524 48.1398179265,11.6782342524 48.1398179265);11.6782342524;48.1398179265;5
618;4054012;22779;22779;LINESTRING(11.7057788341 48.1384525536,11.7057788341 48.1384525536);11.7057788341;48.1384525536;1
619;10674003;19353;19353;LINESTRING(11.5569235369 48.1165818308,11.5569235369 48.1165818308);11.5569235369;48.1165818308;9
620;10997006;9982;9982;LINESTRING(11.4576484281 48.2062161466,11.4576484281 48.2062161466);11.4576484281;48.2062161466;2
621;4129021;3989;3989;LINESTRING(11.7068610061 48.1119820899,11.7068610061 48.1119820899);11.7068610061;48.1119820899;15
622;10442002;33911;33911;LINESTRING(11.538949476 48.1308270056,11.538949476 48.1308270056);11.538949476;48.1308270056;5
623;14043008;19258;19258;LINESTRING(11.6202901104 48.2101907309,11.6202901104 48.2101907309);11.6202901104;48.2101907309;6
624;4105011;28279;28279;LINESTRING(11.6138891028 48.1528227527,11.6138891028 48.1528227527);11.6138891028;48.1528227527;77
625;4102011;7261;7261;LINESTRING(11.6154326861 48.1428745927,11.6154326861 48.1428745927);11.6154326861;48.1428745927;6
626;4129022;3989;3989;LINESTRING(11.706840142 48.1119862779,11.706840142 48.1119862779);11.706840142;48.1119862779;8
627;10442003;33911;33911;LINESTRING(11.5389539943 48.1308260307,11.5389539943 48.1308260307);11.5389539943;48.1308260307;6
628;10253001;10997;10997;LINESTRING(11.6175550881 48.1148667524,11.6175550881 48.1148667524);11.6175550881;48.1148667524;33
629;14043011;25151;25151;LINESTRING(11.6219388805 48.2103678669,11.6219388805 48.2103678669);11.6219388805;48.2103678669;1
630;4155011;20796;20796;LINESTRING(11.4776005832 48.0887624445,11.4776005832 48.0887624445);11.4776005832;48.0887624445;6
631;14043014;25158;25158;LINESTRING(11.621907056 48.2104888828,11.621907056 48.2104888828);11.621907056;48.2104888828;2
632;10442004;11278;11278;LINESTRING(11.539352998 48.1312704068,11.539352998 48.1312704068);11.539352998;48.1312704068;6
633;4105012;28279;28279;LINESTRING(11.6139136646 48.1528061101,11.6139136646 48.1528061101);11.6139136646;48.1528061101;37
634;4102012;7261;7261;LINESTRING(11.6154326861 48.1428745927,11.6154326861 48.1428745927);11.6154326861;48.1428745927;100
635;14043016;18610;18610;LINESTRING(11.6242914734 48.2134040832,11.6242914734 48.2134040832);11.6242914734;48.2134040832;1
636;4155012;1124;1124;LINESTRING(11.4776036678 48.0888558356,11.4776036678 48.0888558356);11.4776036678;48.0888558356;13
637;10442008;26336;26336;LINESTRING(11.539136367 48.130299062,11.539136367 48.130299062);11.539136367;48.130299062;4
638;14043021;29438;29438;LINESTRING(11.6239508218 48.2134981104,11.6239508218 48.2134981104);11.6239508218;48.2134981104;2
639;4155021;1124;1124;LINESTRING(11.4776133236 48.0888549979,11.4776133236 48.0888549979);11.4776133236;48.0888549979;8
640;10460001;18534;18534;LINESTRING(11.5256275519 48.0772216707,11.5256275519 48.0772216707);11.5256275519;48.0772216707;10
641;4155022;1124;1124;LINESTRING(11.4776169369 48.0888546844,11.4776169369 48.0888546844);11.4776169369;48.0888546844;11
